Timestamp,InTemp,OutTemp,InRH,OutRH,temp_diff,humi_diff,desi_temp,desi_humi,Ampere,Ampere_SD,discrete_amps,discrete_temp_diff,discrete_humi_diff,discrete_desi_temp,discrete_desi_humi,TimeOfDay,In_feellike,Ex_feellike,Target,Consuming
6/17/2021 17:20,25.25233918,25.29649123,54.1441526,99.90001,0.044152047,45.7558574,-0.252339181,-4.144152602,0.283817643,1.385979857,0,0,46,0,-4,Late  afternoon,Comfortable,good temp and over-high humid,System Work,Low-load
6/17/2021 17:30,26.15730994,25.4751462,52.57485427,99.90001,-0.682163743,47.32515573,-1.157309942,-2.574854269,0,0,0,-1,47,-1,-3,Late  afternoon,Comfortable,good temp and over-high humid,Power Off,Off
6/17/2021 17:40,26.53108504,25.61173021,51.49530795,99.90001,-0.919354839,48.40470205,-1.531085044,-1.495307947,0.000131292,0.002393341,0,-1,48,-2,-1,Late  afternoon,Comfortable,good temp and over-high humid,Power Off,Off
6/17/2021 17:50,26.65043988,25.75483871,51.54164229,99.90001,-0.895601173,48.35836771,-1.650439883,-1.541642287,0,0,0,-1,48,-2,-2,Late  afternoon,Comfortable,good temp and over-high humid,Power Off,Off
6/28/2021 8:50,26.63548387,31.1516129,64.41613032,90.87742194,4.516129032,26.46129161,-1.635483871,-14.41613032,7.600164387,0.590527767,8,5,26,-2,-14,Early morning,Uncomfortable,warm temp and over-high humid,System Work,Over-load
6/28/2021 9:00,25.98843931,31.43641618,59.50231237,90.5245685,5.447976879,31.02225613,-0.988439306,-9.50231237,7.551024595,0.502599012,8,5,31,-1,-10,Early morning,Comfortable,warm temp and over-high humid,System Work,Over-load
6/28/2021 9:10,24.97369942,32.07861272,51.59479806,86.99104205,7.104913295,35.39624399,0.026300578,-1.594798064,7.400531916,0.466518294,7,7,35,0,-2,Early morning,Comfortable,warm temp and over-high humid,System Work,High-load
6/28/2021 9:20,24.78953488,32.34651163,50.41831483,86.22238669,7.556976744,35.80407186,0.210465116,-0.418314826,5.354198167,3.468521285,5,8,36,0,0,Early morning,Comfortable,warm temp and over-high humid,System Work,Normal-load
6/28/2021 9:30,24.84173913,32.37507246,50.48318884,84.02405988,7.533333333,33.54087104,,-0.483188841,5.318903466,3.438452916,5,8,34,,0,Early morning,Comfortable,warm temp and over-high humid,System Work,Normal-load
6/28/2021 9:40,24.81598837,31.91366279,50.14883785,86.59128218,7.097674419,36.44244433,0.184011628,-0.148837849,5.243725406,3.390821092,5,7,36,0,0,Early morning,Comfortable,warm temp and over-high humid,System Work,Normal-load
6/28/2021 9:50,24.87681159,31.80376812,50.1359422,86.02145157,6.926956522,35.88550936,0.123188406,-0.135942203,5.177828683,3.298656911,5,7,36,0,0,Early morning,Comfortable,warm temp and over-high humid,System Work,Normal-load
6/28/2021 10:00,24.83797101,,49.65420325,85.07768272,6.598550725,35.42347948,0.162028986,0.345796754,6.248002505,2.626737623,6,7,35,0,0,Late  morning,Comfortable,warm temp and over-high humid,System Work,Normal-load
6/28/2021 10:10,24.8005814,31.9747093,49.72296552,82.69564174,7.174127907,32.97267622,0.199418605,0.277034477,6.374441592,2.715053074,6,7,33,0,0,Late  morning,Comfortable,warm temp and over-high humid,System Work,Normal-load
6/28/2021 10:20,24.80811594,32.04086957,49.27043528,81.72174072,7.232753623,32.45130545,0.191884058,0.729564725,5.314759821,3.416173441,5,7,32,0,1,Late  morning,Comfortable,warm temp and over-high humid,System Work,Normal-load
6/28/2021 10:30,24.89391304,32.3373913,49.24289884,82.91536394,7.443478261,33.6724651,0.106086957,0.757101159,5.326208943,3.444332941,5,7,34,0,1,Late  morning,Comfortable,warm temp and over-high humid,System Work,Normal-load
6/28/2021 10:40,24.72258065,32.71085044,48.0190617,79.7674493,7.988269795,31.7483876,0.277419355,1.980938299,5.331634351,3.399792736,5,8,32,0,2,Late  morning,Comfortable,warm temp and high humid,System Work,Normal-load
6/28/2021 10:50,24.78724638,32.82724638,47.91130461,79.5115947,8.04,31.60029009,0.212753623,2.088695391,5.360885217,3.461772564,5,8,32,0,2,Late  morning,Comfortable,warm temp and high humid,System Work,Normal-load
6/28/2021 11:00,24.77151163,33.13895349,47.08720971,77.2866282,8.36744186,30.19941849,0.228488372,2.912790291,5.364464504,3.46213211,5,8,30,0,3,Late  morning,Comfortable,heated temp and high humid,System Work,Normal-load
6/28/2021 11:10,24.90637681,33.64,47.32115974,75.47130507,8.733623188,28.15014533,0.093623188,2.678840261,5.710256374,3.135491493,6,9,28,0,3,Late  morning,Comfortable,heated temp and high humid,System Work,
6/28/2021 11:20,25.06434783,33.96434783,47.69971064,74.00492768,8.9,,-0.064347826,2.300289362,5.814493124,3.177270463,6,9,26,0,2,Late  morning,Comfortable,heated temp and high humid,System Work,Normal-load
6/28/2021 11:30,25.13459302,32.98575581,48.23662805,77.7052327,7.851162791,29.46860465,-0.134593023,1.763371948,5.286273501,3.506630787,5,,29,0,2,Late  morning,,warm temp and high humid,System Work,Normal-load
6/28/2021 11:40,25.25072464,32.83594203,48.1110147,76.34927577,7.585217391,28.23826107,-0.250724638,1.888985304,6.541605739,2.62514294,7,8,28,0,2,Late  morning,Comfortable,warm temp and high humid,System Work,High-load
6/28/2021 11:50,25.23710145,32.07101449,47.80376835,78.29478284,6.833913043,30.49101449,-0.237101449,2.196231652,5.521110811,3.351079425,6,7,30,0,2,Late  morning,Comfortable,warm temp and high humid,System Work,Normal-load
6/28/2021 12:00,25.21976744,31.6130814,47.82877974,78.45087227,6.393313953,30.62209253,-0.219767442,2.171220262,5.304071904,3.428117417,5,6,31,0,2,Early afternoon,Comfortable,warm temp and high humid,System Work,Normal-load
6/28/2021 12:10,25.17072464,32.04434783,47.71826136,78.58869586,6.873623188,30.87043449,-0.170724638,2.281738638,5.368851775,3.463714172,5,7,31,0,2,Early afternoon,Comfortable,warm temp and high humid,System Work,Normal-load
6/28/2021 12:20,25.22199413,32.45571848,48.26803581,76.93841674,7.23372434,28.67038094,-0.221994135,1.731964194,5.332133007,3.469068939,5,7,29,0,2,Early afternoon,Comfortable,warm temp and high humid,System Work,Normal-load
6/28/2021 12:30,25.20289855,32.20405797,,77.95420296,7.00115942,29.85478217,-0.202898551,1.900579217,5.353932246,3.438949324,5,7,30,0,2,Early afternoon,Comfortable,warm temp and high humid,System Work,Normal-load
6/28/2021 12:40,25.24173913,32.09217391,47.95884099,77.92318858,6.850434783,29.96434759,-0.24173913,2.041159014,5.328558644,3.438600869,5,7,30,0,2,Early afternoon,Comfortable,warm temp and high humid,System Work,Normal-load
6/28/2021 12:50,25.31802326,31.85552326,48.34418637,76.98110503,6.5375,28.63691866,-0.318023256,,4.969340141,3.51867058,5,7,29,0,2,Early afternoon,Comfortable,warm temp and high humid,System Work,Normal-load
6/28/2021 13:00,25.25188406,31.86144928,48.40492794,77.62898574,6.609565217,29.2240578,-0.251884058,1.595072058,4.229703011,3.724672904,4,7,29,0,2,Early afternoon,Comfortable,warm temp and high humid,System Work,Normal-load
6/28/2021 13:10,25.27971014,31.66318841,49.21072504,78.61043519,6.383478261,29.39971014,-0.279710145,0.789274957,4.523327943,3.629561266,5,6,29,0,1,Early afternoon,Comfortable,warm temp and high humid,System Work,Normal-load
6/28/2021 13:20,25.2497093,31.91075581,49.34273297,80.31715224,6.661046512,30.97441927,-0.249709302,0.657267035,5.353700426,3.52382269,5,7,31,0,1,Early afternoon,Comfortable,warm temp and over-high humid,System Work,Normal-load
6/28/2021 13:30,25.25014493,32.17246377,49.48492803,77.39536284,6.922318841,27.91043481,-0.250144928,0.515071971,5.286265766,3.413736103,5,7,28,0,1,Early afternoon,Comfortable,warm temp and high humid,System Work,Normal-load
6/28/2021 13:40,25.28023256,32.47965116,49.55697701,75.31424419,,25.75726718,-0.280232558,0.443022994,5.35084358,3.460174863,5,7,26,0,0,Early afternoon,Comfortable,warm temp and high humid,System Work,Normal-load
6/28/2021 13:50,,32.6426087,49.33275406,74.02811664,7.384057971,24.69536258,-0.258550725,0.667245942,5.371191366,3.442897088,5,7,25,0,1,Early afternoon,Comfortable,warm temp and high humid,,Normal-load
6/28/2021 14:00,25.23333333,32.75913043,49.40289884,72.61478278,7.525797101,23.21188394,-0.233333333,0.597101159,5.356490123,3.444007021,5,8,23,0,1,Early afternoon,Comfortable,warm temp and high humid,System Work,Normal-load
6/28/2021 14:10,25.20205279,32.33049853,49.77595346,75.63431176,7.128445748,25.8583583,-0.202052786,0.22404654,,3.483364719,5,7,26,0,0,Early afternoon,Comfortable,warm temp and high humid,System Work,Normal-load
6/28/2021 14:20,25.35942029,32.6573913,50.30695672,74.9713051,7.297971014,24.66434838,-0.35942029,-0.306956725,5.42862173,3.480150515,5,7,25,0,0,Early afternoon,Comfortable,warm temp and high humid,System Work,Normal-load
6/28/2021 14:30,25.27296512,32.73372093,49.86802372,73.3046518,7.460755814,23.43662808,-0.272965116,0.131976279,5.395510486,3.464366665,5,7,23,0,0,Early afternoon,Comfortable,warm temp and high humid,System Work,Normal-load
6/28/2021 14:40,25.10086957,32.76898551,48.97681214,72.83855072,7.668115942,23.86173858,-0.100869565,1.023187855,5.400579328,3.482790779,5,8,,0,1,,Comfortable,warm temp and high humid,System Work,Normal-load
6/28/2021 14:50,25.12521739,33.0057971,49.35536252,72.44956533,7.88057971,23.09420281,-0.125217391,0.644637478,5.438089588,3.491096076,5,8,23,0,1,Early afternoon,Comfortable,heated temp and high humid,System Work,Normal-load
6/28/2021 15:00,25.21569767,32.9747093,49.47877945,71.8680234,7.759011628,22.38924395,-0.215697674,0.521220552,5.395156891,3.485914415,5,8,22,0,1,Late  afternoon,Comfortable,warm temp and high humid,System Work,Normal-load
6/28/2021 15:10,25.21333333,32.82753623,49.34144942,73.79681191,7.614202899,24.45536249,-0.213333333,0.65855058,5.443724924,3.512368323,5,8,24,0,1,Late  afternoon,Comfortable,warm temp and high humid,System Work,Normal-load
6/28/2021 15:20,25.12209302,32.82296512,49.19476767,72.48837212,7.700872093,23.29360445,-0.122093023,0.805232326,5.308051532,3.530829317,5,8,23,0,1,Late  afternoon,Comfortable,warm temp and high humid,System Work,Normal-load
6/28/2021 15:30,25.10956522,32.65855072,49.3321742,72.15246377,7.548985507,22.82028957,-0.109565217,0.667825797,5.052041386,3.590830413,5,8,23,0,1,Late  afternoon,Comfortable,warm temp and high humid,System Work,Normal-load
6/28/2021 15:40,25.10463768,32.43884058,49.29014548,72.52811594,7.334202899,23.23797046,-0.104637681,0.709854522,4.982348112,3.619900972,5,7,23,0,1,Late  afternoon,Comfortable,warm temp and high humid,System Work,Normal-load
6/28/2021 15:50,25.11319648,32.3431085,49.74633466,72.69120238,7.229912023,22.94486771,-0.113196481,0.253665337,4.686694541,3.641319123,5,,23,0,0,Late  afternoon,Comfortable,warm temp and high humid,System Work,Normal-load
6/28/2021 16:00,25.08927536,32.28492754,50.38898609,72.77768125,,22.38869516,-0.089275362,-0.388986087,4.639250648,3.724160841,5,7,22,0,0,Late  afternoon,Comfortable,warm temp and high humid,System Work,Normal-load
6/28/2021 16:10,25.22209302,32.15988372,50.9040702,73.16511683,6.937790698,22.26104663,-0.222093023,-0.904070203,5.39219582,3.503267567,5,7,22,0,-1,Late  afternoon,Comfortable,warm temp and high humid,System Work,Normal-load
6/28/2021 16:20,25.1826087,31.74057971,50.61971043,74.15159461,6.557971014,23.53188417,-0.182608696,-0.619710435,5.307476201,3.429974158,5,7,24,0,-1,Late  afternoon,Comfortable,warm temp and high humid,System Work,Normal-load
6/28/2021 16:30,25.2026087,31.26086957,51.22579748,74.95072496,6.05826087,23.72492748,-0.202608696,-1.225797478,4.040695261,3.708844352,4,6,24,0,-1,Late  afternoon,Comfortable,warm temp and high humid,System Work,Normal-load
6/28/2021 16:40,25.20494186,31.01773256,,75.71686061,5.812790698,23.88982547,-0.20494186,-1.827035145,,3.775120256,4,6,24,0,-2,Late  afternoon,Comfortable,warm temp and high humid,System Work,Normal-load
6/28/2021 16:50,26.02434783,30.74434783,53.24927603,77.40058038,4.72,24.15130435,-1.024347826,-3.249276029,0.694792972,2.129602832,1,5,24,-1,-3,Late  afternoon,Comfortable,warm temp and high humid,System Work,Low-load
6/28/2021 17:00,27.52434783,30.67246377,63.61594299,80.95594368,3.148115942,17.3400007,-2.524347826,-13.61594299,0.007737591,0.008356147,0,3,17,-3,-14,Late  afternoon,Uncomfortable,warm temp and over-high humid,Power Off,Off
6/28/2021 17:10,28.16744186,30.48982558,66.48924581,81.44535047,2.322383721,14.95610465,-3.16744186,-16.48924581,0.007925744,0.008550734,0,2,15,-3,-16,Late  afternoon,Worst,warm temp and over-high humid,Power Off,Off
6/28/2021 17:20,28.31043478,30.32318841,67.18290084,81.35594359,2.012753623,14.17304275,-3.310434783,-17.18290084,0.008625815,0.009011445,0,2,14,-3,-17,Late  afternoon,Worst,warm temp and over-high humid,Power Off,Off
6/28/2021 17:30,28.39971014,30.13797101,67.58261003,81.35565472,1.73826087,13.7730447,-3.399710145,-17.58261003,0.007735989,0.008703725,0,2,14,-3,-18,Late  afternoon,Worst,warm temp and over-high humid,Power Off,Off
6/28/2021 17:40,28.45249267,30.24868035,68.07683516,82.51202525,1.796187683,14.43519009,-3.452492669,-18.07683516,0.008439057,0.009224958,0,2,14,-3,-18,Late  afternoon,Worst,warm temp and over-high humid,Power Off,Off
6/28/2021 17:50,28.5,30.13130435,67.4718851,82.5826107,1.631304348,15.11072559,-3.5,-17.4718851,0.006979673,0.00847523,0,2,15,-4,-17,Late  afternoon,Worst,warm temp and over-high humid,Power Off,Off
6/29/2021 8:40,25.12654321,29.23179012,57.22716059,90.69568031,4.105246914,33.46851972,-0.12654321,-7.227160586,0.009502565,0.009307567,0,4,33,0,-7,Early morning,Comfortable,warm temp and over-high humid,Power Off,Off
6/29/2021 8:50,24.98492754,29.16550725,56.63739168,90.90319032,4.18057971,34.26579864,0.015072464,-6.637391681,5.92900566,2.785219086,6,4,34,0,-7,Early morning,Comfortable,warm temp and over-high humid,System Work,Normal-load
6/29/2021 9:00,24.18463768,29.86927536,55.25246426,89.56406012,5.684637681,34.31159586,0.815362319,-5.252464261,4.611557909,3.547340634,5,6,34,1,-5,Early morning,Comfortable,warm temp and over-high humid,,Normal-load
6/29/2021 9:10,24.32318841,29.85594203,55.82840629,88.69884351,5.532753623,32.87043722,0.676811594,-5.82840629,4.749732837,3.576501572,5,6,33,1,-6,Early morning,Comfortable,warm temp and over-high humid,System Work,Normal-load
6/29/2021 9:20,24.40523256,29.17819767,55.63430265,90.79157067,4.772965116,35.15726802,0.594767442,-5.634302645,4.432032077,3.381512984,4,5,35,1,-6,Early morning,Comfortable,warm temp and over-high humid,System Work,Normal-load
6/29/2021 9:30,24.5715942,28.98724638,57.03739151,91.07913174,4.415652174,34.04174023,0.428405797,-7.037391507,3.626210861,3.660770177,4,4,34,0,-7,Early morning,Comfortable,normal temp and over-high humid,System Work,Normal-load
6/29/2021 9:40,24.63652174,29.23942029,56.87246455,91.04522058,4.602898551,34.17275603,0.363478261,-6.872464551,4.76542388,3.32733951,5,5,34,0,-7,Early morning,Comfortable,warm temp and over-high humid,System Work,Normal-load
6/29/2021 9:50,24.6877907,30.22325581,56.1258723,88.29593233,5.535465116,32.17006003,0.312209302,-6.125872297,4.365778418,3.551771146,4,6,32,0,-6,Early morning,Comfortable,warm temp and over-high humid,System Work,Normal-load
6/29/2021 10:00,24.62057971,30.42985507,55.36608707,86.55855246,5.809275362,31.19246539,0.37942029,-5.366087072,4.118277545,3.631800007,4,6,31,0,-5,Late  morning,Comfortable,warm temp and over-high humid,System Work,Normal-load
6/29/2021 10:10,24.57936047,30.50668605,54.89331445,87.62529314,5.927325581,32.73197869,0.420639535,-4.893314448,5.294874632,3.453096931,5,6,33,0,-5,Late  morning,Comfortable,warm temp and over-high humid,System Work,Normal-load
6/29/2021 10:20,24.55233918,31.09678363,,84.20234173,6.544444444,30.63275058,0.447660819,-3.56959114,5.178833185,3.368583893,5,7,31,0,-4,Late  morning,Comfortable,warm temp and over-high humid,System Work,Normal-load
6/29/2021 10:30,24.52587209,31.44593023,52.55959375,81.92122331,6.92005814,29.36162956,0.474127907,-2.55959375,5.224160219,3.367685341,5,7,29,0,-3,Late  morning,,warm temp and over-high humid,System Work,Normal-load
6/29/2021 10:40,24.54956522,31.64898551,51.73913078,80.66550901,7.09942029,28.92637823,0.450434783,-1.739130783,,3.332193475,5,7,29,0,-2,Late  morning,Comfortable,warm temp and over-high humid,System Work,Normal-load
6/29/2021 10:50,24.57014493,31.83623188,51.83623217,79.41565246,7.266086957,27.57942029,0.429855072,-1.836232174,5.213706404,3.350619723,5,7,28,0,-2,Late  morning,Comfortable,warm temp and high humid,System Work,Normal-load
6/29/2021 11:00,24.58866279,31.37238372,51.61395366,79.19534922,6.78372093,27.58139555,0.411337209,-1.613953663,5.279441601,3.442478961,5,7,28,0,-2,Late  morning,Comfortable,warm temp and high humid,System Work,Normal-load
6/29/2021 11:10,24.78753623,32.44724638,52.31159458,75.98666693,7.659710145,23.67507235,0.212463768,-2.31159458,5.246907346,3.394369408,5,8,24,0,-2,Late  morning,Comfortable,warm temp and high humid,System Work,Normal-load
6/29/2021 11:20,24.83313953,32.91744186,52.00523297,73.67703497,8.084302326,21.67180201,0.166860465,-2.005232965,5.241533771,3.400871115,5,8,22,0,-2,Late  morning,Comfortable,warm temp and high humid,System Work,Normal-load
6/29/2021 11:30,24.76753623,32.15623188,51.64463806,74.85884136,7.388695652,23.2142033,,-1.644638058,5.269839602,3.385906851,5,7,23,0,-2,Late  morning,Comfortable,warm temp and high humid,System Work,Normal-load
6/29/2021 11:40,24.66956522,31.89478261,50.22289899,74.22434867,7.225217391,24.00144968,0.330434783,-0.222898986,5.275016986,3.384052615,5,7,24,0,0,Late  morning,Comfortable,warm temp and high humid,System Work,Normal-load
6/29/2021 11:50,24.82674419,,50.80319802,72.65755831,7.301162791,21.85436029,0.173255814,-0.803198023,5.304755505,3.414359827,5,7,22,0,-1,Late  morning,Comfortable,warm temp and high humid,System Work,Normal-load
6/29/2021 12:00,24.91173021,32.32404692,50.75102669,71.75542554,7.412316716,21.00439886,0.088269795,-0.751026686,5.259720474,3.421790888,5,7,21,0,-1,Early afternoon,Comfortable,warm temp and high humid,System Work,Normal-load
6/29/2021 12:10,24.86028986,32.25072464,49.80840609,71.42521794,7.390434783,21.61681186,0.139710145,0.191593913,5.323293406,3.414676523,5,7,22,0,0,Early afternoon,Comfortable,warm temp and high humid,System Work,Normal-load
6/29/2021 12:20,24.90347826,32.48086957,49.14637722,70.86347864,7.577391304,21.71710142,0.096521739,0.853622783,5.322319597,3.44187154,5,8,22,0,1,Early afternoon,Comfortable,warm temp and high humid,System Work,Normal-load
6/29/2021 12:30,24.78313953,32.4877907,48.38779105,71.60348849,7.704651163,23.21569744,0.216860465,1.612208953,5.318753213,3.448830152,5,8,23,0,2,Early afternoon,Comfortable,warm temp and high humid,System Work,Normal-load
6/29/2021 12:40,24.81043478,32.75942029,47.81507281,70.94144965,7.948985507,23.12637684,0.189565217,2.184927188,5.384596883,3.46357967,5,8,23,0,2,Early afternoon,Comfortable,warm temp and high humid,System Work,Normal-load
6/29/2021 12:50,24.78110465,32.86046512,47.17529119,70.48808145,8.079360465,23.31279026,0.218895349,2.824708808,5.295165643,3.422249385,5,8,23,0,3,Early afternoon,Comfortable,warm temp and high humid,System Work,Normal-load
6/29/2021 13:00,24.86927536,32.8773913,46.96289904,70.17710145,8.008115942,23.21420241,0.130724638,3.037100957,6.033581917,2.950899107,6,8,23,0,3,Early afternoon,Comfortable,warm temp and high humid,System Work,Normal-load
6/29/2021 13:10,24.96231884,32.70318841,47.40753655,70.3544929,7.740869565,22.94695635,0.037681159,2.592463449,5.754573628,3.24936257,6,8,23,0,3,Early afternoon,Comfortable,warm temp and high humid,System Work,Normal-load
6/29/2021 13:20,24.99680233,32.54331395,47.54302355,69.8738375,7.546511628,22.33081395,0.003197674,2.456976453,6.393471586,2.776299992,6,8,22,0,2,Early afternoon,Comfortable,warm temp and high humid,System Work,
6/29/2021 13:30,25.00811594,32.99043478,46.97333362,69.20463806,7.982318841,22.23130443,-0.008115942,3.026666377,5.379772003,3.475490845,5,8,22,0,3,Early afternoon,Comfortable,warm temp and high humid,System Work,Normal-load
6/29/2021 13:40,24.83633721,33.30930233,,67.85784904,8.472965116,22.17122096,0.163662791,,5.385175586,3.471886006,5,8,22,0,4,Early afternoon,Comfortable,heated temp and high humid,System Work,Normal-load
6/29/2021 13:50,24.78411765,33.27264706,45.29647109,68.53529494,8.488529412,,0.215882353,4.703528912,7.525810818,0.495543748,8,8,23,0,5,Early afternoon,Comfortable,heated temp and high humid,System Work,Over-load
6/29/2021 14:00,24.60463768,33.09130435,45.51710165,68.47768165,8.486666667,22.96058,0.395362319,4.482898348,7.525449113,0.495566483,8,8,23,0,4,Early afternoon,Comfortable,heated temp and high humid,System Work,Over-load
6/29/2021 14:10,24.59244186,33.08197674,45.93168616,67.92645355,8.489534884,21.99476738,0.40755814,4.068313837,5.508987977,3.543646751,6,8,22,0,4,Early afternoon,Comfortable,heated temp and high humid,System Work,Normal-load
6/29/2021 14:20,24.91710145,32.74318841,46.79913075,69.52608725,7.826086957,22.72695649,0.082898551,3.200869246,5.608988191,3.272745099,6,8,23,0,3,Early afternoon,Comfortable,warm temp and high humid,System Work,Normal-load
6/29/2021 14:30,24.94144928,32.8226087,46.86927557,69.69217397,7.88115942,22.82289841,0.058550725,3.130724435,6.538673573,2.718487855,7,8,23,0,3,Early afternoon,Comfortable,warm temp and high humid,System Work,High-load
6/29/2021 14:40,24.93110465,33.01598837,47.41511666,67.9203489,8.084883721,20.50523224,0.068895349,2.584883343,6.120351458,3.120975322,6,8,21,0,3,Early afternoon,Comfortable,heated temp and high humid,System Work,Normal-load
6/29/2021 14:50,25.00202899,32.99884058,47.40695699,66.81188458,7.996811594,19.40492759,-0.002028986,2.593043014,5.525828002,3.44935856,6,8,19,0,3,Early afternoon,Comfortable,warm temp and high humid,System Work,Normal-load
6/29/2021 15:00,24.99040698,32.97965116,47.15784907,66.78604683,7.989244186,19.62819776,0.009593023,2.84215093,5.400076341,3.474122951,5,8,20,0,3,Late  afternoon,Comfortable,warm temp and high humid,System Work,Normal-load
6/29/2021 15:10,24.90782609,32.94028986,46.70492806,68.12637739,8.032463768,21.42144933,0.092173913,3.295071942,5.410867354,3.475311108,5,8,21,0,3,Late  afternoon,Comfortable,warm temp and high humid,System Work,Normal-load
6/29/2021 15:20,25.01565217,32.74086957,46.95971043,69.96202899,7.725217391,23.00231855,-0.015652174,3.040289565,5.390853878,3.458122975,5,8,23,0,3,Late  afternoon,Comfortable,warm temp and high humid,System Work,Normal-load
6/29/2021 15:30,24.97243402,32.47565982,46.93460446,70.2498539,7.503225806,23.31524944,0.027565982,3.065395543,5.304921037,3.45815474,5,8,23,0,3,Late  afternoon,Comfortable,warm temp and high humid,System Work,Normal-load
6/29/2021 15:40,,32.20347826,47.66000035,71.77275394,7.155362319,24.11275359,-0.048115942,2.339999652,5.318437552,3.434323636,5,7,24,0,2,Late  afternoon,Comfortable,warm temp and high humid,System Work,Normal-load
6/29/2021 15:50,25.09593023,32.38052326,48.4825586,69.69505869,7.284593023,21.21250009,-0.095930233,1.517441395,5.327425965,3.427961391,5,7,21,0,2,Late  afternoon,Comfortable,warm temp and high humid,System Work,Normal-load
6/29/2021 16:00,25.10115942,32.54869565,48.72608733,68.8982627,7.447536232,20.17217536,-0.10115942,1.273912667,5.322351312,3.43882392,5,7,20,0,1,Late  afternoon,Comfortable,warm temp and high humid,System Work,Normal-load
6/29/2021 16:10,25.12753623,32.32289855,48.8028991,68.91884162,7.195362319,20.11594252,-0.127536232,1.197100899,5.332304714,3.446356309,5,7,20,0,1,Late  afternoon,Comfortable,warm temp and high humid,System Work,Normal-load
6/29/2021 16:20,25.08401163,32.11162791,48.87674471,69.84709346,7.027616279,20.97034875,-0.084011628,1.123255291,4.835336398,3.596545184,5,7,21,0,1,Late  afternoon,Comfortable,warm temp and high humid,System Work,Normal-load
6/29/2021 16:30,25.16376812,32.01072464,49.50956562,69.77826087,6.846956522,20.26869525,-0.163768116,0.490434377,4.569092435,3.684017188,5,7,20,0,0,Late  afternoon,Comfortable,warm temp and high humid,System Work,Normal-load
6/29/2021 16:40,25.11768116,31.84144928,49.81159464,69.63275362,6.723768116,19.82115899,-0.117681159,0.188405362,4.556290493,3.665273736,5,7,20,0,0,Late  afternoon,Comfortable,warm temp and high humid,System Work,Normal-load
6/29/2021 16:50,26.28284884,31.60610465,53.60639593,69.59127948,5.323255814,15.98488355,-1.282848837,-3.60639593,0.066282994,0.640832473,0,5,16,-1,-4,Late  afternoon,Comfortable,warm temp and high humid,Power Off,Off
6/29/2021 17:00,27.9773913,31.52,60.20289872,69.86144959,3.542608696,9.65855087,-2.977391304,-10.20289872,0.00500009,0.006972463,0,4,10,-3,-10,Late  afternoon,Uncomfortable,warm temp and high humid,Power Off,Off
6/29/2021 17:10,28.59389535,31.21133721,63.20407093,76.88488404,2.61744186,13.68081311,-3.593895349,-13.20407093,0.005109652,0.007101946,0,3,14,-4,-13,Late  afternoon,Uncomfortable,warm temp and high humid,Power Off,Off
6/29/2021 17:20,28.82368421,30.89824561,65.59298386,79.35380178,2.074561404,13.76081792,-3.823684211,-15.59298386,0.004553365,0.006342928,0,2,14,-4,-16,Late  afternoon,Worst,warm temp and high humid,Power Off,Off
6/29/2021 17:30,28.91802326,30.57267442,66.3561064,81.16075782,1.654651163,14.80465142,-3.918023256,-16.3561064,0.004064345,0.006139159,0,2,15,-4,-16,Late  afternoon,Worst,warm temp and over-high humid,Power Off,Off
6/29/2021 17:40,29.00869565,30.43768116,66.68695788,82.17159614,1.428985507,15.48463826,-4.008695652,-16.68695788,0.003863138,0.005594205,0,1,15,-4,-17,Late  afternoon,Worst,warm temp and over-high humid,Power Off,Off
6/29/2021 17:50,29.05043478,30.20521739,66.2744947,82.86261159,1.154782609,16.5881169,-4.050434783,-16.2744947,0.004503395,0.006816789,0,1,17,-4,-16,Late  afternoon,Worst,warm temp and over-high humid,Power Off,Off
6/30/2021 8:00,23.41458333,29.90520833,56.50208344,90.88437635,6.490625,34.38229292,1.585416667,-6.502083438,3.260705161,3.719793419,3,6,34,2,-7,Early morning,Comfortable,warm temp and over-high humid,System Work,Low-load
6/30/2021 8:10,23.70028902,30.3017341,56.63005902,89.88612882,6.601445087,33.2560698,1.299710983,-6.630059017,3.764494101,3.424126021,4,7,33,1,-7,Early morning,Comfortable,warm temp and over-high humid,System Work,Normal-load
6/30/2021 8:20,23.99101449,30.66724638,58.26550757,87.95536342,6.676231884,29.68985586,1.008985507,-8.265507565,4.313220501,3.677496284,4,7,30,1,-8,Early morning,Comfortable,warm temp and over-high humid,System Work,Normal-load
6/30/2021 8:30,24.15930233,31.10232558,57.80755831,85.61947858,6.943023256,27.81192026,0.840697674,-7.807558314,5.075714199,3.273698832,5,7,28,1,-8,Early morning,Comfortable,warm temp and over-high humid,System Work,Normal-load
6/30/2021 8:40,24.1342029,31.50521739,56.65681194,83.32463951,,26.66782757,0.865797101,-6.656811942,5.123917002,3.309258949,5,7,27,1,-7,Early morning,Comfortable,warm temp and over-high humid,System Work,Normal-load
6/30/2021 8:50,24.14637681,31.73391304,55.94434809,82.39275562,7.587536232,26.44840754,0.853623188,-5.944348087,5.148128202,3.330655209,5,8,26,1,-6,Early morning,Comfortable,warm temp and over-high humid,System Work,Normal-load
6/30/2021 9:00,24.10377907,32.05203488,55.4840118,81.30116494,7.948255814,25.81715314,0.89622093,-5.484011802,5.180967866,3.33298988,5,8,26,1,-5,Early morning,Comfortable,warm temp and over-high humid,System Work,Normal-load
6/30/2021 9:10,24.25072464,31.63710145,55.24115957,81.43942168,7.386376812,26.19826212,0.749275362,-5.241159565,5.184745079,3.35018731,5,7,26,1,-5,Early morning,Comfortable,warm temp and over-high humid,System Work,Normal-load
6/30/2021 9:20,24.1026087,31.59652174,54.35507296,81.35362536,7.493913043,26.99855241,,-4.355072957,5.211589201,3.372531219,5,7,27,1,-4,Early morning,Comfortable,warm temp and over-high humid,System Work,Normal-load
6/30/2021 9:30,24.17180233,31.91976744,53.7587214,80.69738509,7.747965116,26.93866369,0.828197674,-3.758721395,5.196635163,3.364499178,5,8,27,1,-4,Early morning,Comfortable,warm temp and over-high humid,System Work,Normal-load
6/30/2021 9:40,24.16376812,32.04028986,52.9710147,79.88116006,7.876521739,26.91014536,0.836231884,-2.971014696,5.247024403,3.372203487,5,8,27,1,-3,Early morning,Comfortable,warm temp and high humid,System Work,Normal-load
6/30/2021 9:50,24.35088757,32.32928994,53.82307731,78.55946781,7.978402367,24.7363905,0.649112426,-3.823077308,5.330671986,3.302854439,5,8,25,1,-4,Early morning,Comfortable,warm temp and high humid,System Work,Normal-load
6/30/2021 10:00,24.26686047,31.86540698,53.13982576,79.39825648,7.598546512,26.25843073,0.733139535,-3.139825756,5.26479729,3.413758354,5,8,26,1,-3,Late  morning,Comfortable,warm temp and high humid,System Work,Normal-load
6/30/2021 10:10,24.34811594,31.81507246,53.36434835,79.07942096,7.466956522,25.71507261,0.651884058,-3.364348348,5.258225841,3.394572176,5,7,26,1,-3,Late  morning,Comfortable,warm temp and high humid,System Work,Normal-load
6/30/2021 10:20,24.39942029,31.64869565,,79.3704353,7.249275362,26.36521754,0.60057971,-3.005217768,4.25994039,3.663308984,4,7,26,1,-3,Late  morning,Comfortable,warm temp and high humid,System Work,Normal-load
6/30/2021 10:30,24.42703488,31.54040698,53.14622142,79.44011634,7.113372093,26.29389491,0.572965116,-3.146221424,5.371995833,3.343428256,5,7,26,1,-3,Late  morning,Comfortable,warm temp and high humid,System Work,Normal-load
6/30/2021 10:40,24.35623188,31.27768116,52.67681209,79.51159475,6.921449275,26.83478267,0.643768116,-2.676812087,4.898165569,3.484223022,5,7,27,1,-3,Late  morning,Comfortable,warm temp and high humid,System Work,Normal-load
6/30/2021 10:50,24.38372093,31.60377907,52.89883776,79.40319797,7.22005814,26.5043602,0.61627907,-2.898837762,4.488400551,3.670148684,4,7,27,1,-3,Late  morning,Comfortable,warm temp and high humid,System Work,Normal-load
6/30/2021 11:00,24.45710145,32.02086957,52.87565252,79.03826119,7.563768116,26.16260867,0.542898551,-2.875652522,5.22116292,,5,8,26,1,-3,Late  morning,Comfortable,warm temp and high humid,System Work,Normal-load
6/30/2021 11:10,24.55391304,33.32869565,53.35391336,73.52898591,8.774782609,20.17507255,0.446086957,-3.353913362,5.322110117,3.419043564,5,9,20,0,-3,Late  morning,Comfortable,heated temp and high humid,System Work,Normal-load
6/30/2021 11:20,24.40319767,32.46656977,52.41744203,72.85668637,8.063372093,20.43924433,0.596802326,-2.417442035,5.284221361,3.421782197,5,8,20,1,-2,Late  morning,Comfortable,warm temp and high humid,System Work,Normal-load
6/30/2021 11:30,24.53128655,32.41812865,52.82222249,73.40175491,7.886842105,20.57953243,0.46871345,-2.822222485,5.316937746,3.38102185,5,8,21,0,-3,Late  morning,Comfortable,warm temp and high humid,System Work,Normal-load
6/30/2021 11:40,24.41773256,32.24825581,51.4502911,73.2561048,7.830523256,21.80581369,0.582267442,,5.325482498,3.442736549,5,8,22,1,-1,Late  morning,Comfortable,warm temp and high humid,System Work,Normal-load
6/30/2021 11:50,24.47217391,32.35652174,51.41652223,72.91884087,7.884347826,21.50231864,0.527826087,-1.416522232,5.348690314,3.425909214,5,8,22,1,-1,Late  morning,Comfortable,warm temp and high humid,System Work,Normal-load
6/30/2021 12:00,24.48985507,32.44347826,50.69623238,72.64376826,7.953623188,21.94753588,0.510144928,-0.696232377,5.327697721,3.448299273,5,8,22,1,-1,Early afternoon,Comfortable,warm temp and high humid,System Work,Normal-load
6/30/2021 12:10,24.4619186,32.71918605,49.48139573,72.0857559,8.257267442,22.60436017,0.538081395,0.518604273,5.209459405,3.32913525,5,8,23,1,1,Early afternoon,Comfortable,warm temp and high humid,System Work,Normal-load
6/30/2021 12:20,24.60898551,32.35043478,50.65739174,72.36521768,,21.70782594,0.391014493,-0.657391739,5.430730298,3.556268501,5,8,22,0,-1,Early afternoon,Comfortable,warm temp and high humid,System Work,Normal-load
6/30/2021 12:30,24.46918605,32.65436047,48.70000029,71.69098872,8.185174419,22.99098843,0.530813953,1.299999709,6.616263411,2.311401279,7,8,23,1,1,Early afternoon,Comfortable,warm temp and high humid,System Work,High-load
6/30/2021 12:40,24.44434783,32.43565217,49.2055078,71.98695664,7.991304348,22.78144884,0.555652174,0.794492203,6.082245484,2.939006133,6,8,23,1,1,Early afternoon,Comfortable,warm temp and high humid,System Work,Normal-load
6/30/2021 12:50,24.43594203,32.1542029,48.90405814,71.3631889,7.71826087,22.45913075,0.564057971,1.095941855,5.299597593,3.426764184,5,8,22,1,1,Early afternoon,Comfortable,warm temp and high humid,System Work,Normal-load
6/30/2021 13:00,24.47267442,32.16656977,49.18139578,72.3566866,7.693895349,23.17529081,0.527325581,0.818604215,5.297696363,3.431141798,5,8,23,1,1,Early afternoon,Comfortable,warm temp and high humid,System Work,Normal-load
6/30/2021 13:10,24.39855072,31.91826087,48.94289875,74.80174006,7.519710145,25.8588413,0.601449275,1.057101246,5.262554432,3.391413865,5,8,26,1,1,Early afternoon,Comfortable,warm temp and high humid,System Work,Normal-load
6/30/2021 13:20,24.43313783,31.64164223,49.66539666,75.68856422,7.208504399,26.02316757,0.56686217,0.334603343,5.252389279,3.325712164,5,7,26,1,0,Early afternoon,Comfortable,warm temp and high humid,System Work,Normal-load
6/30/2021 13:30,24.35333333,31.58144928,49.34115968,75.38029026,7.228115942,26.03913058,0.646666667,0.658840319,4.356521754,3.640151997,4,7,26,1,1,Early afternoon,Comfortable,warm temp and high humid,System Work,Normal-load